{
  "generated_at": "2025-04-03T01:11:34.487097",
  "n_samples": 30000,
  "fraud_rate": 0.08,
  "feature_distributions": {
    "amount": {
      "min": 1000.0,
      "max": 500000.0
    },
    "num_bidders": {
      "4": 0.18333333333333332,
      "5": 0.1716,
      "3": 0.1511,
      "6": 0.13333333333333333,
      "2": 0.1072,
      "7": 0.09083333333333334,
      "1": 0.0656,
      "8": 0.05396666666666667,
      "9": 0.024633333333333333,
      "10": 0.011033333333333332,
      "11": 0.004666666666666667,
      "12": 0.0018,
      "13": 0.0006666666666666666,
      "14": 0.00023333333333333333
    }
  }
}