{
  "default": 0.5,
  "high_recall": 0.01756836666378685,
  "high_precision": 0.4276541609021798
}