{
  "best_params": {
    "bootstrap": true,
    "ccp_alpha": 0.0,
    "class_weight": {
      "0": 1,
      "1": 3
    },
    "criterion": "gini",
    "max_depth": 10,
    "max_features": "sqrt",
    "max_leaf_nodes": null,
    "max_samples": null,
    "min_impurity_decrease": 0.0,
    "min_samples_leaf": 1,
    "min_samples_split": 2,
    "min_weight_fraction_leaf": 0.0,
    "monotonic_cst": null,
    "n_estimators": 200,
    "n_jobs": null,
    "oob_score": false,
    "random_state": 42,
    "verbose": 0,
    "warm_start": false
  },
  "test_metrics": {
    "precision": 0.9365384615384615,
    "recall": 0.6763888888888889,
    "f1": 0.785483870967742,
    "roc_auc": 0.9102120236178207,
    "confusion_matrix": [
      [
        8247,
        33
      ],
      [
        233,
        487
      ]
    ],
    "classification_report": {
      "0": {
        "precision": 0.9725235849056604,
        "recall": 0.9960144927536232,
        "f1-score": 0.9841288782816229,
        "support": 8280.0
      },
      "1": {
        "precision": 0.9365384615384615,
        "recall": 0.6763888888888889,
        "f1-score": 0.785483870967742,
        "support": 720.0
      },
      "accuracy": 0.9704444444444444,
      "macro avg": {
        "precision": 0.954531023222061,
        "recall": 0.8362016908212561,
        "f1-score": 0.8848063746246824,
        "support": 9000.0
      },
      "weighted avg": {
        "precision": 0.9696447750362844,
        "recall": 0.9704444444444444,
        "f1-score": 0.9682372776965125,
        "support": 9000.0
      }
    }
  },
  "feature_importance": {
    "amount": 0.03649815556720403,
    "contract_duration": 0.010307915858719414,
    "num_bidders": 0.046631211978116684,
    "winning_bid_ratio": 0.5906624534931517,
    "previous_contracts": 0.11726131538986903,
    "officer_tenure": 0.03551098401216951,
    "amount_to_duration": 0.03671638309682632,
    "bidders_to_contracts": 0.10304774164911384,
    "department_defense": 0.0032849147443680875,
    "department_education": 0.004089136055969955,
    "department_health": 0.0038101273887430104,
    "department_infrastructure": 0.0024074762311721938,
    "bidding_process_direct": 0.003008394469093512,
    "bidding_process_open": 0.003422870326607137,
    "bidding_process_restricted": 0.003340919738875568
  }
}